{
  "1.csv" : 0.76076,
  "2.csv" : 0.72727,
  "3.csv" : 0.73684,
  "4.csv" : 0.77990,
  "6.csv" : 0.75119,
  "7.csv" : 0.73684,
  "8.csv" : 0.75598,
  "9.csv" : 0.74641,
  "10.csv" : 0.74162,
  "11.csv" : 0.69856,
  "12.csv" : 0.77511,
  "13.csv" : 0.76076,
  "14.csv" : 0.75119,
  "15.csv" : 0.75598,
  "16.csv" : 0.71691,
  "17.csv" : 0.68421,
  "18.csv" : 0.68899,
  "19.csv" : 0.64593,
  "20.csv" : 0.67942



}